{"cameraMode":{"drawMode":0,"name":"Shaded","section":"Shading Mode"},"sceneLighting":true,"audioPlay":false,"sceneViewState":{"m_AlwaysRefresh":false,"showFog":true,"showSkybox":true,"showFlares":true,"showImageEffects":true,"showParticleSystems":true,"showVisualEffectGraphs":true,"m_FxEnabled":false},"in2DMode":false,"pivot":{"x":-1.9493482112884522,"y":1.8833017349243165,"z":-0.13156035542488099},"rotation":{"x":-0.014296453446149826,"y":-0.6660894751548767,"z":-0.012804761528968811,"w":0.745805025100708},"size":3.8018674850463869,"orthographic":false}